Workbook
Name Buyers: Raw_Transactions!$K$1:$O$33
Name Raw_Data: 'Raw Data'!$A$1:$D$6

Sheet Raw Data
A1: Product_ID | B1: Product_Name | C1: Unit_Price | D1: Category
A2: PRD-101 | B2: software license a | C2: 150 | D2: Software
A3: PRD-102 | B3: software license b | C3: 250 | D3: Software
A4: PRD-201 | B4: analytics consulting | C4: 800 | D4: Service
A5: PRD-202 | B5: security audit | C5: 1200 | D5: Service
A6: PRD-301 | B6: basic training | C6: 400 | D6: Training

Sheet Raw_Transactions
A1: Transaction_Code | B1: Date | C1: Rep_Name | D1: Product_ID | E1: Quantity | F1: Discount_Rate | H1: Transaction_Code | I1: Region | J1: Code | K1: Date | L1: Rep_Name | M1: Product_ID | N1: Quantity | O1: Discount_Rate | P1: Total_Cost | Q1: Discount_for_next_Purchase
A2: TX-EU-001 | B2: 44197 | C2: john smith | D2: PRD-101 | E2: 5 | F2: 0.05 | H2: TX-AS-002 | I2: AS | J2: 011 | K2: 44201 | L2: John Smith | M2: PRD-201 | N2: 1 | O2: 0 | P2: =Raw_Transactions!$N2*VLOOKUP(Raw_Transactions!$M2,Raw_Data,3,0)*(1-Raw_Transactions!$O2) -> 800 | Q2: =IF(Raw_Transactions!$P2>$T$6,"Yes","No") -> No | S2: Product: | T2: PRD-101
A3: TX-AS-002 | B3: 44201 | C3: anna JOHNSON | D3: PRD-201 | E3: 1 | F3: 0 | H3: TX-NA-009 | I3: AS | J3: 008 | K3: 44236 | L3: Eve Davis | M3: PRD-201 | N3: 4 | O3: 0 | P3: =Raw_Transactions!$N3*VLOOKUP(Raw_Transactions!$M3,Raw_Data,3,0)*(1-Raw_Transactions!$O3) -> 3200 | Q3: =IF(Raw_Transactions!$P3>$T$6,"Yes","No") -> Yes | S3: Price: | T3: =_xlfn.IFNA(VLOOKUP(T2,Raw_Data,3,0), "No product found") -> 150
A4: TX-NA-003 | B4: 44215 | C4: peter brown | D4: PRD-102 | E4: 12 | F4: 0.1 | H4: TX-EU-010 | I4: AS | J4: 005 | K4: 44240 | L4: John Smith | M4: PRD-101 | N4: 15 | O4: 0.1 | P4: =Raw_Transactions!$N4*VLOOKUP(Raw_Transactions!$M4,Raw_Data,3,0)*(1-Raw_Transactions!$O4) -> 2025 | Q4: =IF(Raw_Transactions!$P4>$T$6,"Yes","No") -> No | S4: Category: | T4: =_xlfn.IFNA(VLOOKUP(T2,Raw_Data,4,0), "No product found") -> Software
A5: TX-EU-004 | B5: 44220 | C5: mary WILLIAMS | D5: PRD-301 | E5: 3 | F5: 0 | H5: TX-AS-014 | I5: AS | J5: 002 | K5: 44252 | L5: Anna Johnson | M5: PRD-101 | N5: 10 | O5: 0.05 | P5: =Raw_Transactions!$N5*VLOOKUP(Raw_Transactions!$M5,Raw_Data,3,0)*(1-Raw_Transactions!$O5) -> 1425 | Q5: =IF(Raw_Transactions!$P5>$T$6,"Yes","No") -> No
A6: TX-AS-005 | B6: 44225 | C6: john smith | D6: PRD-202 | E6: 2 | F6: 0.15 | H6: TX-NA-021 | I6: AS | J6: 029 | K6: 44280 | L6: John Smith | M6: PRD-202 | N6: 4 | O6: 0.1 | P6: =Raw_Transactions!$N6*VLOOKUP(Raw_Transactions!$M6,Raw_Data,3,0)*(1-Raw_Transactions!$O6) -> 4320 | Q6: =IF(Raw_Transactions!$P6>$T$6,"Yes","No") -> Yes | S6: Discount Treshhold | T6: 2500
A7: TX-NA-006 | B7: 44228 | C7: anna JOHNSON | D7: PRD-101 | E7: 20 | F7: 0.2 | H7: TX-EU-022 | I7: AS | J7: 026 | K7: 44285 | L7: Thomas Jones | M7: PRD-301 | N7: 1 | O7: 0 | P7: =Raw_Transactions!$N7*VLOOKUP(Raw_Transactions!$M7,Raw_Data,3,0)*(1-Raw_Transactions!$O7) -> 400 | Q7: =IF(Raw_Transactions!$P7>$T$6,"Yes","No") -> No
A8: TX-EU-007 | B8: 44230 | C8: peter brown | D8: PRD-301 | E8: 1 | F8: 0 | H8: TX-NA-024 | I8: AS | J8: 020 | K8: 44290 | L8: Thomas Jones | M8: PRD-102 | N8: 9 | O8: 0.05 | P8: =Raw_Transactions!$N8*VLOOKUP(Raw_Transactions!$M8,Raw_Data,3,0)*(1-Raw_Transactions!$O8) -> 2137.5 | Q8: =IF(Raw_Transactions!$P8>$T$6,"Yes","No") -> No
A9: TX-AS-008 | B9: 44235 | C9: eve davis | D9: PRD-102 | E9: 8 | F9: 0.05 | H9: TX-EU-025 | I9: AS | J9: 017 | K9: 44295 | L9: John Smith | M9: PRD-201 | N9: 3 | O9: 0 | P9: =Raw_Transactions!$N9*VLOOKUP(Raw_Transactions!$M9,Raw_Data,3,0)*(1-Raw_Transactions!$O9) -> 2400 | Q9: =IF(Raw_Transactions!$P9>$T$6,"Yes","No") -> No
A10: TX-NA-009 | B10: 44236 | C10: thomas JONES | D10: PRD-201 | E10: 4 | F10: 0 | H10: TX-AS-026 | I10: AS | J10: 023 | K10: 44300 | L10: John Smith | M10: PRD-202 | N10: 2 | O10: 0.1 | P10: =Raw_Transactions!$N10*VLOOKUP(Raw_Transactions!$M10,Raw_Data,3,0)*(1-Raw_Transactions!$O10) -> 2160 | Q10: =IF(Raw_Transactions!$P10>$T$6,"Yes","No") -> No
A11: TX-EU-010 | B11: 44240 | C11: mary WILLIAMS | D11: PRD-101 | E11: 15 | F11: 0.1 | H11: TX-AS-029 | I11: AS | J11: 014 | K11: 44315 | L11: Thomas Jones | M11: PRD-102 | N11: 14 | O11: 0.05 | P11: =Raw_Transactions!$N11*VLOOKUP(Raw_Transactions!$M11,Raw_Data,3,0)*(1-Raw_Transactions!$O11) -> 3325 | Q11: =IF(Raw_Transactions!$P11>$T$6,"Yes","No") -> Yes
I12: AS Total | P12: =SUBTOTAL(9,P2:P11) -> 22192.5
A13: TX-AS-011 | B13: 44242 | C13: john smith | D13: PRD-301 | E13: 2 | F13: 0 | H13: TX-EU-001 | I13: EU | J13: 004 | K13: 44197 | L13: Mary Williams | M13: PRD-101 | N13: 5 | O13: 0.05 | P13: =Raw_Transactions!$N13*VLOOKUP(Raw_Transactions!$M13,Raw_Data,3,0)*(1-Raw_Transactions!$O13) -> 712.5 | Q13: =IF(Raw_Transactions!$P13>$T$6,"Yes","No") -> No
A14: TX-NA-012 | B14: 44245 | C14: anna JOHNSON | D14: PRD-202 | E14: 1 | F14: 0 | H14: TX-AS-005 | I14: EU | J14: 001 | K14: 44225 | L14: John Smith | M14: PRD-202 | N14: 2 | O14: 0.15 | P14: =Raw_Transactions!$N14*VLOOKUP(Raw_Transactions!$M14,Raw_Data,3,0)*(1-Raw_Transactions!$O14) -> 2040 | Q14: =IF(Raw_Transactions!$P14>$T$6,"Yes","No") -> No
A15: TX-EU-013 | B15: 44250 | C15: peter brown | D15: PRD-102 | E15: 25 | F15: 0.15 | H15: TX-NA-012 | I15: EU | J15: 028 | K15: 44245 | L15: Mary Williams | M15: PRD-202 | N15: 1 | O15: 0 | P15: =Raw_Transactions!$N15*VLOOKUP(Raw_Transactions!$M15,Raw_Data,3,0)*(1-Raw_Transactions!$O15) -> 1200 | Q15: =IF(Raw_Transactions!$P15>$T$6,"Yes","No") -> No
A16: TX-AS-014 | B16: 44252 | C16: thomas JONES | D16: PRD-101 | E16: 10 | F16: 0.05 | H16: TX-EU-013 | I16: EU | J16: 025 | K16: 44250 | L16: Peter Brown | M16: PRD-102 | N16: 25 | O16: 0.15 | P16: =Raw_Transactions!$N16*VLOOKUP(Raw_Transactions!$M16,Raw_Data,3,0)*(1-Raw_Transactions!$O16) -> 5312.5 | Q16: =IF(Raw_Transactions!$P16>$T$6,"Yes","No") -> Yes
A17: TX-NA-015 | B17: 44255 | C17: eve davis | D17: PRD-201 | E17: 3 | F17: 0 | H17: TX-NA-015 | I17: EU | J17: 019 | K17: 44255 | L17: Peter Brown | M17: PRD-201 | N17: 3 | O17: 0 | P17: =Raw_Transactions!$N17*VLOOKUP(Raw_Transactions!$M17,Raw_Data,3,0)*(1-Raw_Transactions!$O17) -> 2400 | Q17: =IF(Raw_Transactions!$P17>$T$6,"Yes","No") -> No
A18: TX-EU-016 | B18: 44260 | C18: mary WILLIAMS | D18: PRD-202 | E18: 5 | F18: 0.1 | H18: TX-EU-016 | I18: EU | J18: 016 | K18: 44260 | L18: Mary Williams | M18: PRD-202 | N18: 5 | O18: 0.1 | P18: =Raw_Transactions!$N18*VLOOKUP(Raw_Transactions!$M18,Raw_Data,3,0)*(1-Raw_Transactions!$O18) -> 5400 | Q18: =IF(Raw_Transactions!$P18>$T$6,"Yes","No") -> Yes
A19: TX-AS-017 | B19: 44265 | C19: john smith | D19: PRD-301 | E19: 7 | F19: 0 | H19: TX-AS-017 | I19: EU | J19: 022 | K19: 44265 | L19: Mary Williams | M19: PRD-301 | N19: 7 | O19: 0 | P19: =Raw_Transactions!$N19*VLOOKUP(Raw_Transactions!$M19,Raw_Data,3,0)*(1-Raw_Transactions!$O19) -> 2800 | Q19: =IF(Raw_Transactions!$P19>$T$6,"Yes","No") -> Yes
A20: TX-NA-018 | B20: 44270 | C20: anna JOHNSON | D20: PRD-101 | E20: 30 | F20: 0.2 | H20: TX-AS-020 | I20: EU | J20: 013 | K20: 44275 | L20: Peter Brown | M20: PRD-201 | N20: 2 | O20: 0 | P20: =Raw_Transactions!$N20*VLOOKUP(Raw_Transactions!$M20,Raw_Data,3,0)*(1-Raw_Transactions!$O20) -> 1600 | Q20: =IF(Raw_Transactions!$P20>$T$6,"Yes","No") -> No
A21: TX-EU-019 | B21: 44272 | C21: peter brown | D21: PRD-102 | E21: 6 | F21: 0.05 | H21: TX-NA-027 | I21: EU | J21: 010 | K21: 44305 | L21: Mary Williams | M21: PRD-301 | N21: 5 | O21: 0 | P21: =Raw_Transactions!$N21*VLOOKUP(Raw_Transactions!$M21,Raw_Data,3,0)*(1-Raw_Transactions!$O21) -> 2000 | Q21: =IF(Raw_Transactions!$P21>$T$6,"Yes","No") -> No
A22: TX-AS-020 | B22: 44275 | C22: thomas JONES | D22: PRD-201 | E22: 2 | F22: 0 | H22: TX-EU-028 | I22: EU | J22: 007 | K22: 44310 | L22: Peter Brown | M22: PRD-101 | N22: 22 | O22: 0.2 | P22: =Raw_Transactions!$N22*VLOOKUP(Raw_Transactions!$M22,Raw_Data,3,0)*(1-Raw_Transactions!$O22) -> 2640 | Q22: =IF(Raw_Transactions!$P22>$T$6,"Yes","No") -> Yes
I23: EU Total | P23: =SUBTOTAL(9,P13:P22) -> 26105
A24: TX-NA-021 | B24: 44280 | C24: eve davis | D24: PRD-202 | E24: 4 | F24: 0.1 | H24: TX-NA-003 | I24: NA | J24: 027 | K24: 44215 | L24: Eve Davis | M24: PRD-102 | N24: 12 | O24: 0.1 | P24: =Raw_Transactions!$N24*VLOOKUP(Raw_Transactions!$M24,Raw_Data,3,0)*(1-Raw_Transactions!$O24) -> 2700 | Q24: =IF(Raw_Transactions!$P24>$T$6,"Yes","No") -> Yes
A25: TX-EU-022 | B25: 44285 | C25: mary WILLIAMS | D25: PRD-301 | E25: 1 | F25: 0 | H25: TX-EU-004 | I25: NA | J25: 024 | K25: 44220 | L25: Anna Johnson | M25: PRD-301 | N25: 3 | O25: 0 | P25: =Raw_Transactions!$N25*VLOOKUP(Raw_Transactions!$M25,Raw_Data,3,0)*(1-Raw_Transactions!$O25) -> 1200 | Q25: =IF(Raw_Transactions!$P25>$T$6,"Yes","No") -> No
A26: TX-AS-023 | B26: 44288 | C26: john smith | D26: PRD-101 | E26: 18 | F26: 0.15 | H26: TX-NA-006 | I26: NA | J26: 018 | K26: 44228 | L26: Anna Johnson | M26: PRD-101 | N26: 20 | O26: 0.2 | P26: =Raw_Transactions!$N26*VLOOKUP(Raw_Transactions!$M26,Raw_Data,3,0)*(1-Raw_Transactions!$O26) -> 2400 | Q26: =IF(Raw_Transactions!$P26>$T$6,"Yes","No") -> No
A27: TX-NA-024 | B27: 44290 | C27: anna JOHNSON | D27: PRD-102 | E27: 9 | F27: 0.05 | H27: TX-EU-007 | I27: NA | J27: 015 | K27: 44230 | L27: Eve Davis | M27: PRD-301 | N27: 1 | O27: 0 | P27: =Raw_Transactions!$N27*VLOOKUP(Raw_Transactions!$M27,Raw_Data,3,0)*(1-Raw_Transactions!$O27) -> 400 | Q27: =IF(Raw_Transactions!$P27>$T$6,"Yes","No") -> No
A28: TX-EU-025 | B28: 44295 | C28: peter brown | D28: PRD-201 | E28: 3 | F28: 0 | H28: TX-AS-008 | I28: NA | J28: 021 | K28: 44235 | L28: Eve Davis | M28: PRD-102 | N28: 8 | O28: 0.05 | P28: =Raw_Transactions!$N28*VLOOKUP(Raw_Transactions!$M28,Raw_Data,3,0)*(1-Raw_Transactions!$O28) -> 1900 | Q28: =IF(Raw_Transactions!$P28>$T$6,"Yes","No") -> No
A29: TX-AS-026 | B29: 44300 | C29: thomas JONES | D29: PRD-202 | E29: 2 | F29: 0.1 | H29: TX-AS-011 | I29: NA | J29: 012 | K29: 44242 | L29: Anna Johnson | M29: PRD-301 | N29: 2 | O29: 0 | P29: =Raw_Transactions!$N29*VLOOKUP(Raw_Transactions!$M29,Raw_Data,3,0)*(1-Raw_Transactions!$O29) -> 800 | Q29: =IF(Raw_Transactions!$P29>$T$6,"Yes","No") -> No
A30: TX-NA-027 | B30: 44305 | C30: eve davis | D30: PRD-301 | E30: 5 | F30: 0 | H30: TX-NA-018 | I30: NA | J30: 009 | K30: 44270 | L30: Thomas Jones | M30: PRD-101 | N30: 30 | O30: 0.2 | P30: =Raw_Transactions!$N30*VLOOKUP(Raw_Transactions!$M30,Raw_Data,3,0)*(1-Raw_Transactions!$O30) -> 3600 | Q30: =IF(Raw_Transactions!$P30>$T$6,"Yes","No") -> Yes
A31: TX-EU-028 | B31: 44310 | C31: mary WILLIAMS | D31: PRD-101 | E31: 22 | F31: 0.2 | H31: TX-EU-019 | I31: NA | J31: 006 | K31: 44272 | L31: Anna Johnson | M31: PRD-102 | N31: 6 | O31: 0.05 | P31: =Raw_Transactions!$N31*VLOOKUP(Raw_Transactions!$M31,Raw_Data,3,0)*(1-Raw_Transactions!$O31) -> 1425 | Q31: =IF(Raw_Transactions!$P31>$T$6,"Yes","No") -> No
A32: TX-AS-029 | B32: 44315 | C32: john smith | D32: PRD-102 | E32: 14 | F32: 0.05 | H32: TX-AS-023 | I32: NA | J32: 003 | K32: 44288 | L32: Peter Brown | M32: PRD-101 | N32: 18 | O32: 0.15 | P32: =Raw_Transactions!$N32*VLOOKUP(Raw_Transactions!$M32,Raw_Data,3,0)*(1-Raw_Transactions!$O32) -> 2295 | Q32: =IF(Raw_Transactions!$P32>$T$6,"Yes","No") -> No
A33: TX-NA-030 | B33: 44320 | C33: anna JOHNSON | D33: PRD-201 | E33: 1 | F33: 0 | H33: TX-NA-030 | I33: NA | J33: 030 | K33: 44320 | L33: Anna Johnson | M33: PRD-201 | N33: 1 | O33: 0 | P33: =Raw_Transactions!$N33*VLOOKUP(Raw_Transactions!$M33,Raw_Data,3,0)*(1-Raw_Transactions!$O33) -> 800 | Q33: =IF(Raw_Transactions!$P33>$T$6,"Yes","No") -> No
I34: NA Total | P34: =SUBTOTAL(9,P24:P33) -> 17520
I35: Grand Total | P35: =SUBTOTAL(9,P2:P33) -> 65817.5
